{
    "epoch": 4.99,
    "total_flos": 1.3278811358711808e+18,
    "train_loss": 0.383831198531461,
    "train_runtime": 7560.7227,
    "train_samples_per_second": 7.075,
    "train_steps_per_second": 0.055
}